CLIENTID,CLIENT NAME
CL001,John Doe
CL002,Alice Smith
CL003,Michael Johnson
CL004,Susan Brown
CL005,Robert Davis
CL006,Emily Wilson
CL007,David Lee
CL008,Michelle Turner
CL009,James Parker
CL010,Linda Hall
CL011,William Moore
CL012,Elizabeth White
CL013,Joseph Adams
CL014,Sarah Harris
CL015,Charles Martin
CL016,Karen Turner
CL017,Thomas Scott
CL018,Jennifer King
CL019,Daniel Green
CL020,Laura Taylor
CL021,Matthew Harris
CL022,Patricia Johnson
CL023,Christopher Anderson
CL024,Nancy Martinez
CL025,Andrew Wilson
CL026,Kimberly Jackson
CL027,John Davis
CL028,Susan Thompson
CL029,Michael Wright
CL030,Mary Lewis
CL031,David Robinson
CL032,Linda Walker
CL033,William Hall
CL034,Elizabeth Harris
CL035,Robert Turner
CL036,Emily Baker
CL037,Joseph Reed
CL038,Sarah Evans
CL039,Charles Young
CL040,Karen Miller
CL041,Thomas Clark
CL042,Jennifer Mitchell
CL043,Daniel Moore
CL044,Laura Adams
CL045,Matthew King
CL046,Patricia Scott
CL047,Christopher Parker
CL048,Nancy White
CL049,Andrew Martin
CL050,Kimberly Green
CL051,John Taylor
CL052,Susan Smith
CL053,Michael Johnson
CL054,Emily Brown
CL055,David Lee
CL056,Michelle Turner
CL057,James Davis
CL058,Linda Harris
CL059,William Wilson
CL060,Elizabeth Turner
CL061,Joseph Hall
CL062,Sarah Moore
CL063,Charles Jackson
CL064,Karen Thompson
CL065,Thomas Wright
CL066,Jennifer Lewis
CL067,Daniel Robinson
CL068,Laura Walker
CL069,Matthew Adams
CL070,Patricia Harris
CL071,Christopher Young
CL072,Nancy Miller
CL073,Andrew Clark
CL074,Kimberly Mitchell
CL075,John Evans
CL076,Susan Baker
CL077,Michael Reed
CL078,Emily Parker
CL079,David Scott
CL080,Michelle Johnson
CL081,James Smith
CL082,Linda Baker
CL083,William Turner
CL084,Elizabeth Clark
CL085,Joseph Mitchell
CL086,Sarah Adams
CL087,Charles King
CL088,Karen Scott
CL089,Thomas Parker
CL090,Jennifer Wright
CL091,Daniel Hall
CL092,Laura Young
CL093,Matthew Miller
CL094,Patricia Lewis
CL095,Christopher Robinson
CL096,Nancy Walker
CL097,Andrew Martin
CL098,Kimberly Green
CL099,John Taylor
CL100,Susan Smith
